,COL102,COL107,COL126,COL127,COL129,COL135,COL136,COL139,COL140,COL172,COL173,COL177,COL178,COL182,COL183,COL185,COL186,COL187,COL190,COL191,COL223,COL224,COL225,COL25,COL44,COL45,COL51,COL59,COL66,COL67,COL74,COL75,COL88,COL89,COL96,H2O,ILE102,ILE107,ILE127,ILE128,ILE129,ILE130,ILE135,ILE136,ILE139,ILE140,ILE173,ILE182,ILE183,ILE184,ILE185,ILE186,ILE187,ILE190,ILE191,ILE224,ILE225,ILE25,ILE44,ILE45,ILE51,ILE59,ILE60,ILE66,ILE67,ILE74,ILE75,ILE76,ILE77,ILE78,ILE88,ILE89,ILE95,ILE96,LIV102,LIV107,LIV126,LIV127,LIV128,LIV129,LIV130,LIV135,LIV136,LIV139,LIV140,LIV144,LIV145,LIV172,LIV173,LIV177,LIV178,LIV182,LIV183,LIV184,LIV185,LIV186,LIV187,LIV190,LIV191,LIV223,LIV224,LIV225,LIV25,LIV44,LIV45,LIV51,LIV58,LIV59,LIV60,LIV66,LIV67,LIV74,LIV75,LIV76,LIV77,LIV78,LIV88,LIV89,LIV95,LIV96,STO102,STO107,STO126,STO127,STO128,STO129,STO130,STO135,STO136,STO139,STO140,STO144,STO172,STO173,STO177,STO183,STO185,STO186,STO187,STO190,STO224,STO25,STO44,STO45,STO51,STO58,STO59,STO60,STO66,STO74,STO75,STO76,STO77,STO78,STO88,STO89,STO95,STO96
orotic acid,4.304955,5.06263,4.522289,5.259842,3.778959,4.294489,3.971174,3.564896,3.336382,4.099408,5.169246,4.741995,6.34997,3.670365,4.479994,4.953063,5.039932,4.838003,5.24942,4.191005,3.235953,4.326305,4.884376,2.681589,3.769193,3.308224,4.764592,4.02952,3.547748,3.376634,4.566343,3.703917,2.99895,2.850843,3.69535,,6.130005,5.547517,5.173143,5.642979,4.761144,6.473253,5.206014,6.159796,3.772565,6.566637,9.727713,5.256188,5.372881,5.398969,5.80567,5.403043,4.665081,5.271022,3.922816,5.537188,5.847678,3.456012,3.538193,4.398313,3.523841,4.673398,3.461465,2.713527,3.753001,3.609634,3.773227,5.328042,5.683949,4.186617,2.892399,2.954857,2.368634,3.874951,6.8743,4.678329,5.871256,5.480395,3.077559,4.0984,3.88455,4.753586,3.683777,3.497435,3.867142,3.547952,5.257054,5.514689,5.453754,4.672528,3.718274,4.64398,5.545911,3.835233,5.249665,5.219857,5.028022,5.195933,5.626333,4.113077,4.400102,5.077832,5.848917,3.301634,5.472685,5.359527,4.240778,5.241291,5.175737,4.948532,5.789531,5.54484,3.436216,5.466204,4.079168,4.735194,4.412433,5.305452,3.968235,3.350847,2.682985,2.976679,7.127967,2.390387,2.606321,5.95273,6.11054,4.690214,4.330213,2.491725,5.79793,2.563411,7.297266,3.53172,2.278206,2.722833,3.986806,4.852677,4.377287,2.243066,4.839612,2.847643,6.452663,3.856666,2.631754,3.221203,3.518281,3.059332,6.16261,3.358729,2.954214,3.401706,3.239025,4.914244,3.219254,3.754457,3.198333,3.612652
aspartic acid,0.162278,0.178075,0.349545,0.318391,0.174294,0.13338,0.184133,0.085902,0.158557,0.491272,0.765164,0.721941,0.181969,0.197917,0.194492,0.243277,0.387888,0.300928,0.31651,0.205504,0.151089,0.443929,0.241809,0.150395,0.120587,0.14644,0.120818,0.11698,0.163058,0.201172,0.216899,0.071173,0.090497,0.045782,0.138596,,0.368203,1.300642,0.280453,0.291624,1.011893,1.667943,0.094497,0.665329,1.182318,0.589268,2.890362,0.279577,0.665522,0.562768,0.259534,0.89441,0.664107,0.514614,0.114068,0.927968,0.471202,0.883008,1.074681,2.007916,1.101707,0.997308,0.304724,0.212081,0.531201,0.771843,0.837338,0.655826,1.412028,1.077115,0.465465,0.674043,1.018065,0.907978,1.352071,0.693507,0.639138,0.750427,0.161705,0.357184,0.340838,0.330981,0.246152,0.178129,0.287082,0.826311,1.272777,0.422819,0.408085,0.530798,0.541183,0.228462,0.270178,0.888953,0.250787,0.278913,0.265959,0.258773,0.344482,0.473846,0.513661,0.224081,0.742591,0.475699,0.602678,0.472022,0.451887,0.400658,0.347231,0.372309,0.508798,0.851111,0.509569,0.658508,0.6566,0.583689,0.255363,0.292923,0.303164,0.265044,0.202471,0.208986,1.923134,0.108956,0.19694,0.288677,0.357543,0.351528,0.66379,0.163994,0.430806,0.005461,0.903346,0.528965,0.13632,0.387276,0.566125,0.52249,0.349471,0.189042,0.295936,0.300102,0.696399,1.004491,0.153684,0.105067,0.868271,0.240125,1.132517,0.945738,0.464692,0.169935,0.596392,1.642726,0.21534,1.078888,0.246772,0.255597
glutamic acid,1.19325,0.625161,0.371739,0.41824,0.641367,0.826694,0.777666,0.486371,0.568316,0.708876,2.831259,1.974944,0.332161,0.877066,0.918362,0.915934,1.656306,1.122331,1.594553,1.019393,0.718415,1.330345,0.994493,0.336443,0.684542,0.476806,0.800046,0.997856,1.253706,0.950501,2.584034,1.06444,0.820485,0.159245,0.276862,,0.624361,3.316246,1.939411,0.57717,1.514592,0.044465,0.36201,0.03972,0.020879,0.035892,0.024062,0.018003,0.02487,0.025928,0.018467,0.017109,0.016996,0.017075,0.012799,0.023344,0.025051,1.701787,1.778944,3.552536,2.47134,3.245426,1.251708,1.369574,2.634683,1.699781,1.78602,1.528005,3.074869,3.365263,1.334241,2.177393,2.55749,2.556729,0.018536,0.024421,0.041425,0.053039,0.019799,0.022665,0.021077,0.027811,0.025493,0.030721,0.023804,0.02824,0.027303,0.033855,0.033254,0.020575,0.022007,0.031976,0.024762,0.022493,0.028401,0.028237,0.029097,0.025094,0.026866,0.032569,0.027776,0.02813,0.025615,0.026728,0.025581,0.027633,0.027733,0.032648,0.030243,0.031835,0.028082,0.016136,0.021319,0.020284,0.019161,0.021956,0.035571,0.043616,0.035947,0.031688,0.053614,0.059668,0.065819,0.049811,0.001287,0.063303,0.000896,0.007436,0.022446,0.001917,0.008134,0.055968,0.05886,0.059095,0.057119,0.05311,0.011231,0.004569,0.001377,0.055616,0.001222,0.054674,0.06441,0.047343,0.052018,0.045637,0.055569,0.05668,0.052083,0.052996,0.043441,0.040195,0.064734,0.047924,0.060293,0.066524,0.04594,0.062539
internal standard,9.365139,7.853879,9.469373,10.067191,10.698477,10.62064,10.64394,9.16833,10.230868,7.466244,10.972653,10.283554,9.575377,9.268478,9.395767,12.006803,9.04213,11.075962,9.428526,8.295708,8.834149,9.541355,11.30477,9.264108,10.542849,8.743713,11.244783,11.62897,11.622098,9.436362,9.373879,10.574436,9.510586,9.853196,10.098271,,10.700526,10.677847,10.80092,10.114604,12.289792,0.008672,10.786141,0.011559,0.017823,0.00413,0.014989,,,,0.003219,0.004511,0.007497,0.004171,0.002435,,,10.532866,10.170704,10.708902,10.901914,11.01681,9.590965,11.3058,10.66362,9.143245,9.870464,10.123373,10.133307,9.941067,9.636908,9.997077,7.933104,11.110537,0.0989,0.15401,0.114031,0.098886,0.066435,0.023796,0.087914,0.118141,0.071051,0.055172,0.061453,0.13812,0.194193,0.107944,0.08278,0.091317,0.104454,0.092942,0.083001,0.182039,0.074877,0.099412,0.106141,0.096576,0.107047,0.100853,0.105954,0.10499,0.123758,0.06162,0.104554,0.08901,0.073975,0.080745,0.100634,0.074007,0.112222,0.060808,0.042332,0.085503,0.05482,0.069986,0.059793,0.0951,0.066558,0.05371,0.000574,0.001686,0.020753,0.001826,0.009983,,0.002359,,,0.016011,0.012004,0.001922,0.016398,0.002004,0.001457,,,0.015404,,,0.006236,0.000473,0.002338,0.002358,0.000576,0.00024,,0.000388,0.000542,0.00051,0.000465,0.000841,0.000473,0.005883,0.000608,0.004065,0.003383,0.000267
asparagine,0.061627,0.050045,0.059844,0.069968,0.546312,0.696467,0.700667,0.547515,0.396152,0.060408,0.091447,0.031673,0.064778,0.61071,0.777118,0.620661,1.168572,0.784791,1.131085,0.583582,0.548127,0.878621,0.903819,0.033186,0.053102,0.058419,0.069611,0.039148,0.051381,0.043701,0.07042,0.034875,0.025665,0.049283,0.042275,,0.079286,0.469822,0.07936,0.135451,0.420871,,0.064124,,,,,0.003832,,,0.003793,,,,0.002964,,,0.46149,0.494804,0.749224,0.513393,0.359601,0.007605,0.013509,0.075899,0.226055,0.340971,0.006052,0.439765,0.288087,0.117957,0.24448,0.418198,0.018276,,,,,0.012108,0.023062,,0.04965,0.019687,0.019036,0.012468,0.024646,0.063063,0.094548,,,,,,0.059529,0.07194,,,,,,,,,,,,,0.089527,0.063947,0.15863,,,0.036087,,0.051513,0.060822,0.079986,,0.10159,,,,,,0.042802,,,,,0.059504,,,0.037498,0.022697,0.019048,,0.091542,0.073803,0.054936,,0.042391,0.013419,0.033921,0.023176,0.005465,0.020399,0.029504,0.021248,0.04205,0.021673,0.01926,0.020857,0.022403,,0.026444,0.037458,0.024825,
serine,0.030021,0.040606,0.030343,0.041453,1.080146,0.715804,0.765824,0.604186,0.452984,0.009726,0.017485,0.067345,0.010177,0.624605,0.772867,0.594118,1.123612,0.74816,1.1313,0.535941,0.595842,1.1133,0.946841,0.02049,0.030497,0.021068,0.035744,0.029266,0.020564,0.018715,0.030003,0.021165,0.016202,0.014956,0.016914,,0.227837,1.157273,0.400444,0.30862,0.913982,,0.188626,,,,,,,,,,,,,,,1.29367,0.983552,1.742674,1.003353,1.009272,0.240676,0.33049,0.89402,0.686461,0.84874,0.589615,1.116587,1.122449,0.5673,0.892064,1.060549,0.886972,1.808265,1.576706,1.950371,1.231277,0.47346,0.707024,,1.226163,,,1.249769,,,1.449169,1.495151,1.225228,1.532829,,,,,,,1.277723,,,,,,,,,0.775748,0.636488,0.635381,0.49629,0.840797,0.67172,0.543196,0.586711,0.715379,0.638349,0.523962,0.384342,,1.134494,,,,,0.11655,,,,,,0.162079,0.000195,,,,,0.216875,0.225678,,,,,,,,,,,,,,,,,,,,
glutamine,0.028652,0.021654,0.014553,0.02135,0.540301,0.670261,0.668019,0.533115,0.386066,0.018403,0.025472,0.020767,0.031532,0.556176,0.703587,0.571838,1.025367,0.680117,1.048905,0.535831,0.54754,0.967002,0.870489,0.016754,0.037569,0.026851,0.021863,0.029775,0.027043,0.025657,0.034739,0.029572,0.021395,0.013868,0.017749,,0.157783,0.737607,0.275287,0.234851,0.727377,0.21413,0.122717,,,,,,,,,0.045262,0.03426,,,0.07268,,0.664415,0.640181,1.221955,0.516443,0.108495,0.016993,0.008825,0.018154,0.410044,0.623524,0.022824,0.6254,0.056435,0.050159,0.069859,0.462185,0.023655,0.093804,0.094088,0.06303,0.051759,0.054732,0.091706,0.028725,0.075756,0.020962,0.015581,0.017772,0.046507,0.069792,0.032098,0.028575,0.026512,0.031763,0.030828,0.036738,0.044578,0.035988,0.024307,0.025554,0.026138,0.026492,0.017729,0.020681,0.018491,0.163577,0.056276,0.081647,0.087457,,0.069678,0.070973,0.068356,,,0.048034,0.072755,0.055884,0.073501,0.046952,0.063474,0.057144,0.047825,,0.0052,,0.000706,0.003196,0.012899,0.014115,0.019678,0.03526,0.007081,0.011673,2.6e-05,0.022666,0.009268,0.003671,0.004689,0.008387,0.011883,0.009574,0.005717,0.006432,0.005072,0.005117,0.007007,0.00754,0.004413,0.007654,0.007018,0.009053,0.009512,0.007351,0.007474,0.008176,0.022037,0.007865,0.01438,0.007956,
histidine,0.039051,0.045773,0.038785,0.044794,0.141221,0.161476,0.165711,0.124566,0.116959,0.048722,0.077793,0.049705,0.041694,0.127688,0.165393,0.116701,0.261197,0.158131,0.274942,0.132912,0.153987,0.268216,0.203711,0.020104,0.03255,0.032037,0.044003,0.027971,0.036434,0.030869,0.041036,0.034585,0.020958,0.016265,0.022882,,0.079832,0.305881,0.121485,0.071184,0.181429,0.044918,0.053956,,,,0.011164,,,,,,,,,,,0.218527,0.236973,0.424467,0.262312,0.288348,0.11112,0.1187,0.272607,0.187019,0.22648,0.15366,0.265459,0.307132,0.131923,0.217335,0.27395,0.224609,0.000362,0.000176,0.000263,0.000155,9.1e-05,6.4e-05,1.1e-05,,,2e-06,,,,0.000218,4.4e-05,5.6e-05,6.1e-05,6.3e-05,0.000114,0.000101,0.000108,7.3e-05,,5.1e-05,,,3.1e-05,,0.000353,3.8e-05,0.000226,0.000202,5.7e-05,6.7e-05,8e-05,5e-05,6.6e-05,3.7e-05,,0.000105,5.2e-05,7.3e-05,4.7e-05,3.6e-05,4.8e-05,0.000129,6e-05,0.000265,0.001588,5e-06,,,5.1e-05,,,,,5.7e-05,0.000604,0.000401,4.9e-05,,,,,,,0.000187,0.00069,0.000896,8e-05,4.9e-05,0.000135,5.5e-05,0.000188,3.5e-05,1.6e-05,2.6e-05,,0.000123,,0.00011,2.1e-05,
glycine,0.096892,0.104596,0.071177,0.082197,0.526175,0.649502,0.814932,0.565795,0.634165,0.092801,0.2322,0.174019,0.068386,0.832633,1.004982,0.837746,1.530722,1.032593,1.39627,0.69648,0.586565,1.250322,1.02016,0.038581,0.078405,0.119528,0.073579,0.0945,0.119461,0.100056,0.155412,0.067127,0.066133,0.069351,0.055854,,0.516063,1.773863,0.928665,0.578508,0.00912,0.009047,0.014425,,0.00663,,0.001274,,0.001683,,,0.003677,0.000917,0.000645,0.009842,,,1.075431,1.37362,2.094336,1.444365,1.438716,0.617421,0.646777,1.632316,0.842622,0.901553,1.204402,1.652373,1.544486,0.940966,1.228502,1.220272,1.500815,0.000183,,,,,,,,,,,0.000513,0.005363,,,,,,,0.000441,,,,,,,,,0.00019,7.5e-05,,,,,,,,,,,,,,,,,,0.001256,0.000179,,0.002958,0.00551,0.01129,,0.000257,,0.001743,9e-06,0.000271,,0.001611,0.000687,,0.000157,,0.000755,0.007064,,0.011036,,,,,,,,,0.00022,8.2e-05,7.8e-05,,,,4.7e-05
citrulline-threonine,0.660884,0.437762,0.791915,0.741264,0.480741,0.629066,0.551312,0.486439,0.328522,0.277459,0.141823,0.123838,0.347062,0.482459,0.623336,0.55238,0.864077,0.561091,0.889065,0.493468,0.514242,0.635255,0.703193,0.044984,0.296636,0.662674,0.490571,0.295686,0.274293,0.28994,0.822369,0.320502,0.243802,0.264087,0.459782,,0.177293,3.366354,1.929729,0.378213,0.533245,,,,,,,,,,,,,,,,,1.420778,0.998085,3.450457,2.593001,5.196496,1.464148,1.045745,1.249349,1.674795,2.43857,1.850895,2.765937,3.895081,0.828472,1.853371,2.094874,2.729758,,,,,,,,,,,,,,,,,,,,,,,,,,,,,,,,,,,,,,0.001361,,,,,,,,,,,,,,,,,,,,,,,,,,,,,,,,,,,,,,,,,,,,,,
arginine,0.068231,0.065028,0.053491,0.06594,0.390757,0.503708,0.544497,0.383515,0.280502,0.072798,0.166911,0.090368,0.06027,0.373463,0.531829,0.437543,0.784404,0.522974,0.71308,0.453934,0.406263,0.687156,0.591201,0.031675,0.065127,0.043326,0.067187,0.055952,0.051499,0.046475,0.073598,0.061058,0.03567,0.026579,0.037187,,0.19169,1.037556,0.232432,0.341398,0.007254,0.009114,0.003883,0.002992,0.00276,0.005307,0.006096,0.003902,0.005199,0.00386,,0.002915,0.003079,0.003601,0.003219,0.004444,0.003137,0.942985,1.012963,1.873887,0.74214,1.248777,0.184778,0.12935,0.508905,0.830356,0.81531,0.610602,1.116251,1.137678,0.391895,0.500689,0.979808,1.009305,0.005749,0.006554,0.005141,0.004405,0.000935,0.002149,0.001866,0.007163,0.005202,0.003301,0.004394,0.001603,0.001772,0.002827,0.001982,0.002486,0.003508,0.002537,0.004677,0.001305,0.003186,0.004285,0.004427,0.003699,0.004388,0.00464,0.004131,0.003246,0.006753,0.005543,0.005145,0.005283,0.003337,0.003657,0.003273,0.003077,0.003964,0.003537,0.002346,0.003466,0.00368,0.002539,0.002342,0.003354,0.002673,0.00227,0.001378,0.001258,0.004764,0.000631,0.001883,0.006642,0.000605,8.8e-05,0.000346,4.7e-05,0.000467,0.000348,0.001708,0.00261,0.000147,6.8e-05,0.000975,0.000331,0.000226,0.000106,0.001783,0.001893,0.000889,0.003553,0.001759,0.00197,0.004936,0.00205,0.004231,0.002614,0.004591,0.000787,0.000417,0.001399,0.000604,0.00132,0.001073,0.00414
gaba,0.078401,0.067898,0.078144,0.103303,0.042718,0.057341,0.058008,0.047155,0.041504,0.114301,0.184813,0.136939,0.076926,0.047238,0.057858,0.061059,0.070097,0.056595,0.074932,0.056724,0.051024,0.066995,0.058323,0.037937,0.050383,0.052689,0.099778,0.271955,0.201986,0.099671,0.117163,0.082585,0.079215,0.045693,0.104162,,0.057261,0.100499,0.109491,0.049429,,,0.003505,0.005197,,0.004352,,0.001372,,,0.002555,0.002862,,0.002226,0.003047,,,0.053976,0.071475,0.078971,0.055137,0.091083,0.107048,0.069708,0.10829,0.054326,0.051232,,0.08314,0.082458,0.078088,0.061864,0.058085,0.211075,,,,,,,,0.005181,0.004583,0.006324,0.004322,,,0.008027,,,,0.005561,,,,,0.006547,0.004768,0.005268,,,,,,,,,,,,,,,,,,,,,,,,,,,,,,,,,0.003746,,0.076719,0.022082,,,,,,,,,0.026331,,,,,,,,,,,,,,
alanine,0.17513,0.169455,0.142222,0.217162,0.356455,0.389592,0.602563,0.360605,0.428659,0.198195,0.316829,0.244191,0.184954,0.521571,0.609771,0.468096,0.872726,0.612117,0.884756,0.401304,0.524067,1.377881,0.757379,0.095739,0.162633,0.213188,0.009205,0.226026,0.322809,0.229068,0.296025,0.154956,0.089641,0.146325,0.11207,,0.479184,2.429064,0.916771,0.757068,,,,,,0.002705,,,,,0.002406,,,,,,,1.745365,1.735468,3.263302,1.746904,2.475352,0.666285,0.811317,1.871859,1.410058,1.555288,,2.422524,2.339529,1.228662,1.713887,1.892618,2.047425,,,,,,,,,,,,,,,,,,,,,,,,,,,,,,,,,,,,,,,,,,,,,,,,,,,,,,,,,,0.002826,,0.136238,0.075525,0.117515,0.026396,0.02976,0.019533,,,,,0.085151,,,,,,,,,,,,,,
proline,0.087269,0.075638,0.116771,0.098075,0.340601,0.520801,0.905025,0.641927,0.751522,0.156483,0.219746,0.139507,0.099279,1.332298,1.755751,1.532595,2.284577,1.532236,2.116546,1.477292,0.60046,1.569467,1.293451,,,,,0.189813,0.182378,,0.201221,0.091534,0.087175,0.079303,0.087037,,0.155677,0.941627,0.453135,0.227675,0.644265,0.701956,0.143794,0.25359,0.534284,0.194574,0.519873,0.13046,0.304564,0.163277,,0.392045,0.208339,0.140917,,0.403203,0.124279,0.69051,0.652575,1.279689,0.736135,0.836694,0.396938,0.446954,0.927439,0.588951,0.610491,0.577119,0.88713,0.868134,0.461154,0.871613,0.950581,0.688199,0.103567,0.056356,0.028989,0.10267,0.094059,,0.093447,0.097797,0.044966,0.044209,0.040388,0.088525,0.182713,0.105329,0.078696,0.053235,,0.077794,0.089487,0.214822,0.100883,0.094497,0.08847,0.089958,0.109996,0.106077,0.101427,0.099048,0.185359,0.088314,0.09723,0.0967,0.111597,0.062519,0.061495,0.042998,0.081239,0.076414,,,0.081249,0.105036,0.043551,0.045661,0.11168,0.03305,0.004581,0.134148,0.005393,0.004341,0.135512,0.190438,0.25899,,0.201111,0.03372,0.073114,0.002378,0.007208,0.01082,0.048572,0.023309,,,0.001674,,0.069224,0.002205,0.15982,0.000756,0.001257,0.014645,0.00126,,0.108791,,0.015364,0.005505,0.004269,0.006109,0.014162,0.007065,0.007593,0.014699
nh4cl,2.789058,52.314509,2.73618,3.846383,1.072568,1.108132,0.764275,0.855481,0.463445,2.612566,5.387785,3.095486,3.007671,0.993724,1.153109,0.96086,1.523917,0.997824,1.733956,1.303272,0.787625,1.29326,1.44176,3.006281,4.519754,5.579159,3.568166,5.067746,3.858324,2.950303,5.090922,2.679988,2.042815,2.53449,2.120524,,1.265621,4.765429,4.683527,0.825511,,,,,,,,,,,,,,,,,,1.798106,1.41537,4.519772,2.061423,8.07156,9.569226,4.368518,9.014397,2.117703,1.966514,7.071384,2.812332,4.843484,3.176377,4.178617,2.642315,7.853624,,,,,,,,0.000632,,,,,,,,,,,,,,,,,,,,,,,,,,,0.002607,,,0.004331,,,0.001498,,,,,,,,,,,,,,,,,,,,,,,,,0.002394,,,,,,,,,,,,,,,,,,
agmatine,0.102911,0.08499,0.092539,0.094497,0.212402,0.200186,0.246742,0.179485,0.137262,0.038957,0.060313,0.031502,0.040152,0.187076,0.216751,0.15003,0.301263,0.197215,0.315813,0.154298,0.221301,0.506124,0.309087,0.121414,0.127502,0.112129,0.114978,0.243245,0.178796,0.104748,0.216232,0.119489,0.110487,0.117566,0.125468,,0.091945,0.760676,0.214273,0.161068,,,0.001382,0.001456,,0.001196,0.000421,0.001953,0.002619,0.002762,0.003196,0.00161,,0.002144,0.000795,0.000113,0.001052,0.628494,0.521821,1.321756,0.586067,1.056162,0.171462,0.257097,0.532693,0.484333,0.676677,0.348579,0.733315,0.773392,0.284389,0.552675,0.748515,0.639118,0.021981,0.030963,0.013286,0.013575,0.02449,0.018446,0.018963,0.019007,0.012288,0.012043,0.013824,0.005774,0.007724,0.015106,0.011194,0.011108,0.011162,0.010599,0.019369,0.026752,0.020494,0.014886,0.015306,0.014506,0.016483,0.028514,0.021866,0.018437,0.018708,0.012054,0.024192,0.015604,0.017814,0.027295,0.023258,0.021676,0.038259,0.015744,0.012595,0.017506,0.011842,0.024899,0.013624,0.027079,0.021613,0.01571,,,,,,3.9e-05,,,,,,,0.000158,,,,,,,,,,0.002621,,,,7.3e-05,,,,,,,,,,,
histamine,0.005604,0.00174,0.005999,0.008837,0.134188,0.138203,0.16292,0.161084,0.171562,0.083452,0.112548,0.116072,0.088934,0.130063,0.11958,0.159942,0.121187,0.1253,0.120682,0.127659,0.136078,0.127647,0.116276,0.003732,0.009522,0.006583,0.006724,0.004423,0.004562,0.002694,0.003513,0.002238,0.003284,0.001945,0.001585,,0.140962,0.162395,0.107712,0.12094,0.015994,0.027954,0.003982,0.003961,0.008447,0.010016,0.06024,0.005465,0.007875,0.030989,0.003376,0.003458,0.013844,0.009484,0.001509,0.033304,0.019738,0.151234,0.18315,0.188974,0.16472,0.301725,0.639943,0.21897,0.526059,0.13788,0.154647,0.464751,0.168731,0.267321,0.152423,0.193156,0.155975,0.295993,0.220157,0.065303,0.087678,0.115738,,0.212379,,0.17128,0.205585,0.161885,0.173202,0.07618,,0.117662,0.109696,0.092869,0.092587,0.119902,0.120085,,0.111476,0.111282,,0.116575,0.056748,0.140305,,,0.100207,0.052199,0.071145,0.05388,0.03368,0.038368,0.032462,0.036716,0.083248,0.013974,,0.019158,0.011651,0.020113,0.042319,0.070839,0.118737,0.041066,,,0.002148,0.094483,0.078592,,0.073491,0.094924,0.00543,0.088708,0.002934,0.000111,0.001054,0.071144,0.10462,0.077343,0.002499,0.066338,0.067712,0.076024,0.072962,0.003949,,0.006289,,,0.00057,,0.000657,0.000864,0.002153,,0.078577,0.000963,0.005343,0.000842,,0.000849
valine,0.035051,0.038916,0.043175,0.051893,0.493512,0.460995,0.60378,0.384189,0.328506,0.047408,0.05967,0.044886,0.052784,0.410735,0.51444,0.353835,0.716144,0.509624,0.710709,0.303758,0.531247,1.223495,0.696152,0.017125,0.039244,0.086431,0.033704,0.035589,0.03845,0.031384,0.047582,0.022047,0.019605,0.053606,0.023552,,0.158593,1.124851,0.376845,0.30855,1.413415,1.549298,0.138461,0.348479,0.990259,0.262014,0.491153,0.185712,0.414857,0.260467,0.126535,0.583565,0.618793,0.340239,0.045481,0.550367,0.187415,0.999105,0.802806,1.90621,0.897011,1.453932,0.286508,0.445731,1.004607,0.831915,1.007926,0.559294,1.179935,1.212091,0.533602,1.010855,1.231226,0.989069,0.596766,0.498774,0.381282,0.414255,0.194969,0.164326,0.22516,0.331294,0.098196,0.166113,0.069055,0.247547,0.412316,0.375863,0.301277,0.099147,0.115814,0.264869,0.341846,0.437006,0.300338,0.293863,0.282576,0.296814,0.335557,0.283666,0.159606,0.283439,0.45052,0.173222,0.160038,0.287221,0.218426,0.264937,0.130054,0.137641,0.185823,0.092709,0.066747,0.108655,0.152513,0.133753,0.152003,0.325021,0.246366,0.146228,0.05487,0.057499,0.243808,0.031981,0.120448,0.173053,0.198526,0.357751,0.482496,0.18888,0.239331,0.005802,0.164077,0.050335,0.085535,0.180481,0.420707,0.357704,0.261075,0.151955,0.187323,0.053056,0.442728,0.043974,0.027955,0.067715,0.109711,0.060424,0.115692,0.068433,0.083918,0.141472,0.111731,0.069282,0.061919,0.091624,0.128633,0.061765
methionine,0.006957,0.008034,0.005307,0.006393,0.104352,0.094403,0.109433,0.076088,0.082869,0.00847,0.013075,0.012626,0.035803,0.069219,0.091763,0.082133,0.125863,0.070863,0.091553,0.051889,0.06935,0.125801,0.094016,0.004319,0.013889,0.016431,0.010221,0.011437,0.016432,0.014623,0.030628,0.012388,0.009779,0.009916,0.009154,,0.088856,0.448079,0.120989,0.104335,0.342907,0.362833,0.057041,0.112987,0.215066,0.110599,0.152531,0.052378,0.128207,0.10513,0.047982,0.149584,0.124266,0.056112,0.01683,0.150293,0.082623,0.308675,0.296813,0.698258,0.473,0.491163,0.096691,0.107128,0.290699,0.24483,0.311322,0.168966,0.396567,0.420859,0.156982,0.281432,0.406349,0.329282,0.207962,0.203531,0.169067,0.159885,0.024103,0.049677,0.04266,0.116174,0.058033,0.053344,0.050309,0.010491,0.013248,0.157642,0.118251,0.094258,0.096658,0.090052,0.108622,0.082402,0.098381,0.106216,0.113474,0.109274,0.119212,0.114151,0.094762,0.104104,0.184357,0.069736,0.124387,0.11743,0.068682,0.089391,0.093829,0.078335,0.124183,0.06486,0.040046,0.087456,0.060596,0.065839,0.081853,0.113339,0.088185,0.076266,0.008903,0.018084,0.0348,0.01071,0.020644,0.051024,0.121865,0.043118,0.075414,0.019292,0.048594,0.001944,0.018082,0.007106,0.015558,0.076509,0.064879,0.046774,0.03462,0.023114,0.033859,0.006714,0.098636,0.012478,0.008281,0.006507,0.007483,0.009972,0.01633,0.015851,0.016318,0.025127,0.02463,0.022268,0.013176,0.013518,0.020865,0.017585
cysteine1,0.58858,0.289471,0.256409,0.235171,1.004051,1.858041,2.055824,2.309647,1.262442,0.386778,0.141301,0.48813,0.505905,2.090485,3.21967,2.944844,4.532235,3.651126,0.082433,2.691973,1.469172,2.233602,2.500462,0.422166,0.522568,0.451253,0.703593,0.341836,0.212137,0.269336,0.271324,0.760208,0.266796,0.510888,0.766217,,1.230641,2.100636,1.026737,1.157144,1.389627,2.005139,1.320571,1.579662,2.315736,1.09902,0.493897,0.075843,1.587062,1.940765,1.645789,1.73635,1.760887,1.415866,0.734871,1.213561,0.076822,1.091949,2.558289,0.169862,0.81991,1.167816,0.576216,0.45098,0.740294,0.526449,1.140166,1.059909,0.513665,1.423883,0.657381,0.693596,1.03524,0.879237,,,,,0.078203,,0.105728,,,0.061729,,0.271431,,,,,,,,,,,,,,,7.596621,,12.811401,5.763176,11.631646,10.2039,6.887735,9.915047,,8.597217,12.128727,6.318165,4.110244,9.715121,5.671697,6.728463,7.309043,10.857254,7.765083,6.776786,0.582461,0.235892,0.227324,0.364583,0.436009,0.392185,0.338473,0.183654,1.968579,1.385116,1.068381,0.317715,0.515193,0.309093,0.228005,1.043899,2.759008,1.813222,0.057759,0.798385,0.692529,0.453407,0.147806,0.339438,0.254258,0.32111,0.452601,0.274521,0.138473,0.197515,0.582086,0.374052,0.247658,0.605551,0.4038,0.456436,0.268008,0.655703
tryptophan,0.017386,0.0172,0.025971,0.026587,0.07726,0.062378,0.084168,0.051378,0.054135,0.027782,0.025354,0.023342,0.022838,0.062097,0.071697,0.056814,0.090068,0.070912,0.087405,0.046698,0.076689,0.187379,0.105154,0.010463,0.017581,0.031191,0.022071,0.017579,0.019482,0.017892,0.026047,0.017514,0.014307,0.018258,0.015391,,0.093289,0.233441,0.144995,0.084592,0.198039,0.232016,0.036499,0.085837,0.146204,0.090525,0.178756,0.055847,0.097319,0.103352,0.03167,0.124062,0.074492,0.056687,0.017924,0.156331,0.070558,0.239367,0.185925,0.428834,0.23447,0.363984,0.098799,0.151674,0.233849,0.147208,0.222203,0.151614,0.243072,0.248468,0.099635,0.222345,0.26752,0.208899,0.041434,0.047284,,0.017013,0.015369,0.015571,0.011831,0.013323,0.006632,0.010326,0.015034,0.013067,0.024486,0.016827,0.011891,0.008997,0.010329,,0.016922,0.027857,0.015599,0.012753,0.012518,,0.014171,0.008464,0.009366,0.009554,0.018841,0.006549,0.011177,0.014072,0.004873,0.006546,0.00499,0.005911,0.014764,0.002461,0.009661,0.012123,0.013121,0.0128,0.009659,0.011071,0.009964,0.009667,0.01358,0.048615,0.023492,0.014507,0.040468,0.09315,0.103613,0.048211,0.074969,0.027031,0.058227,0.002102,0.033801,0.012845,0.043925,0.053614,0.044234,0.048042,0.044613,0.038458,0.065336,0.009836,0.089766,0.011074,0.007223,0.017228,0.018841,0.01586,0.023383,0.015987,0.01259,0.022116,0.016095,0.018637,0.019314,0.018547,0.021438,0.018109
isoleucine,0.025542,0.024853,0.028396,0.032898,0.217792,0.160738,0.261645,0.151164,0.159152,0.030233,0.045013,0.030639,0.035739,0.172622,0.205387,0.150039,0.284349,0.213445,0.236421,0.112724,0.25623,0.683238,0.30469,0.012934,0.023168,0.040317,0.026893,0.020211,0.024426,0.021595,0.033848,0.016474,0.01209,0.022238,0.015257,,0.09924,0.882137,0.26425,0.201562,0.848434,0.887508,0.08997,0.248605,0.57457,0.183626,0.316919,0.144242,0.316358,0.190472,0.09084,0.444207,0.288572,0.179398,0.031393,0.421863,0.135483,0.760566,0.597603,1.463412,0.686518,1.070019,0.167457,0.297637,0.689672,0.629687,0.789018,0.350796,0.875911,0.923059,0.368856,0.722609,0.934002,0.638737,0.206562,0.141973,0.112018,0.132228,0.083854,0.056645,0.083338,0.116001,0.044247,0.055886,0.03475,0.124186,0.214901,0.12279,0.098083,0.051826,0.06837,0.09005,0.127277,0.192513,0.105553,0.100925,0.092324,0.104434,0.113528,0.072662,0.073146,0.090849,0.139074,0.053911,0.080305,0.09047,0.079363,0.091942,0.065804,0.071458,0.107636,0.049574,0.033554,0.052694,0.051703,0.069337,0.085621,0.107734,0.087912,0.077797,0.033319,0.024583,0.145764,0.018815,0.070495,0.103387,0.129964,0.102821,0.186905,0.051073,0.113672,0.000333,0.097996,0.022444,0.056735,0.115562,0.078069,0.092743,0.067697,0.078944,0.121096,0.025389,0.222231,0.026429,0.014956,0.024671,0.055603,0.025813,0.057583,0.030392,0.041206,0.090984,0.060567,0.030939,0.026628,0.051153,0.059501,0.028465
leucine-phenylalanine,0.016202,0.021678,0.018759,0.025691,0.209787,0.155937,0.232977,0.145849,0.153287,0.016531,0.025545,0.020028,0.017677,0.163986,0.186639,0.147408,0.258199,0.184948,0.224753,0.109389,0.364247,0.616038,0.294396,0.009854,0.023641,0.052564,0.022276,0.010768,0.013214,0.014554,0.02346,0.009317,0.008248,0.020351,0.008334,,0.139276,1.329486,0.309724,0.287809,1.215781,1.252462,0.124648,0.32389,0.763191,0.242722,0.372244,0.173778,0.442045,0.312828,0.126209,0.803055,0.412006,0.238582,0.044508,0.725918,0.167917,1.097262,0.881346,2.176437,0.993956,1.618807,0.210893,0.375089,0.869342,0.886865,1.167629,0.493212,1.281603,1.369933,0.480743,0.945325,1.323016,0.972229,0.558186,0.36239,0.27645,0.296518,0.131122,0.100232,0.137391,0.175273,0.080251,0.093736,0.07108,0.194848,0.384446,0.262101,0.218823,0.133912,0.142451,0.160279,0.21969,0.295164,0.196218,0.182864,0.180388,0.195835,0.219503,0.141485,0.136925,0.140291,0.299403,0.12019,0.16735,0.188358,0.18974,0.140751,0.117169,0.116649,0.182118,0.091274,0.068452,0.106509,0.088914,0.119158,0.149378,0.179962,0.154175,0.143462,0.063471,0.0814,0.140577,0.042012,0.090173,0.114068,0.129557,0.201643,0.222323,0.09577,0.199415,0.001027,0.10112,0.024987,0.07271,0.321368,0.171022,0.21112,0.153371,0.158172,0.251042,0.031184,0.294191,0.043214,0.033591,0.019343,0.039641,0.021734,0.050036,0.027062,0.032078,0.10631,0.086129,0.04019,0.022824,0.047952,0.050469,0.027091
cysteine,0.012415,0.012644,0.02076,0.019102,0.02552,0.028283,0.024554,0.00677,0.009287,0.013627,0.013723,0.013596,0.011632,0.029391,0.035976,0.029433,0.042802,0.029405,0.043642,0.026568,0.028451,0.041256,0.030968,0.013951,0.016038,0.017032,,0.023702,0.007744,0.010006,0.015868,0.016346,0.02218,0.022216,0.019425,,0.072514,0.485471,0.087736,0.052922,0.151192,0.160433,0.041163,0.039706,0.083999,0.064734,0.167679,0.023656,0.056485,0.063786,0.029228,0.050636,0.086486,0.053521,0.016347,0.074853,0.054263,0.09569,0.12419,0.339497,0.111858,0.188891,0.034646,0.026298,0.078405,0.115832,0.170909,0.106139,0.271683,0.179908,0.066951,0.087678,0.285953,0.140247,0.349129,0.442287,0.393318,0.389273,0.050689,0.106432,0.143081,0.330646,0.061818,0.165115,0.079247,0.031745,0.146141,0.362375,0.288292,0.219242,0.258205,0.328799,0.221033,0.094732,0.232066,0.309527,0.360278,0.324554,0.433656,0.101916,0.177628,0.1209,0.375875,0.13528,0.319425,0.274914,0.2219,0.261841,0.292009,0.201828,0.303406,0.13171,0.086778,0.233008,0.121125,0.170805,0.204258,0.316807,0.155752,0.168866,0.010312,,0.012605,0.02104,0.016917,0.009783,,0.033165,0.030755,0.019837,0.01759,,0.008418,0.008161,,0.030878,0.021713,0.023989,0.020704,0.016816,0.015629,0.011212,0.008304,0.015536,0.009459,0.014624,0.009275,0.012281,0.012385,0.012981,0.021378,0.015148,0.01851,0.010935,0.023667,0.010335,0.020648,0.014381
ornithine,0.020108,0.046217,0.024476,0.025779,0.008276,0.011211,0.009487,0.008369,0.008572,0.028074,0.03918,0.029087,0.022907,0.008658,0.011942,0.009889,0.017655,0.012439,0.016842,0.010939,0.009475,0.011389,0.014614,0.014414,0.018561,0.030998,0.003543,0.020032,0.028142,0.02007,0.073025,0.017919,0.018063,0.01608,0.025663,,0.027346,0.371868,0.125117,0.012042,0.039108,0.055362,0.008383,0.015028,0.036529,0.011847,0.183871,0.005809,0.014157,0.012126,0.005202,0.023686,0.019469,0.010797,0.002358,0.01751,0.010624,0.093302,0.063203,0.231062,0.195779,0.324029,0.104725,0.137297,0.292136,0.077819,0.243142,0.137554,0.227103,0.265608,0.104015,0.297657,0.217749,0.237426,0.291003,0.216576,0.272511,0.256701,0.103087,0.154603,0.185994,0.129708,0.052391,0.06588,0.044787,0.207426,0.44818,0.255202,0.156281,0.110727,0.106402,0.154539,0.162896,0.410046,0.13998,0.15784,0.164704,0.165932,0.196272,0.173516,0.213639,0.153088,0.271332,0.14348,0.175117,0.142548,0.140007,0.129075,0.120008,0.151248,0.191103,0.084549,0.052576,0.088247,0.058914,0.09964,0.139239,0.233566,0.14854,0.120837,0.065196,0.218365,0.12496,0.02457,0.01111,0.023349,0.023792,0.015317,0.017691,0.008252,0.013412,0.000135,0.285323,0.073984,0.015092,0.048022,0.012706,0.019672,0.012616,0.010219,0.023692,0.069999,0.123584,0.048822,0.045331,0.085272,0.053271,0.109689,0.035136,0.121299,0.120043,0.161758,0.115641,0.113194,0.056326,0.076504,0.169983,0.0526
dopamine,0.001203,0.008585,0.010968,0.013695,0.012058,0.013473,0.01225,0.007957,0.007348,0.007584,0.005861,0.004936,0.009371,0.010166,0.013078,0.012154,0.017725,0.010592,0.021656,0.012671,0.011185,0.034429,0.017707,0.011316,0.010848,0.001041,0.037951,0.006681,0.003289,0.00207,0.06042,0.002108,0.003352,0.006824,0.008672,,0.038374,0.190448,0.070161,0.0456,0.139092,0.181613,0.021955,0.030517,0.084073,0.050028,0.084609,0.015265,0.059417,0.048912,0.017137,0.047361,0.081587,0.047097,0.007403,0.056428,0.030618,0.117342,0.145318,0.323168,0.005965,0.207383,0.031883,0.028462,0.083877,0.127046,0.155118,0.113444,0.230923,0.199474,0.047025,0.084304,0.165696,0.160897,0.000254,0.028197,0.03497,0.035968,0.002734,0.001432,0.00175,0.000631,0.000465,8.9e-05,0.000286,0.002809,0.022482,0.022327,0.021615,0.015753,0.011843,0.012475,0.021426,0.014892,0.015294,0.013356,0.012765,0.014535,0.015621,0.009455,0.011663,0.006805,0.014295,0.009447,0.013883,0.015114,0.003731,0.002557,0.000159,4.7e-05,0.001607,0.001392,0.000752,7.7e-05,0.000132,9.4e-05,0.008075,0.011407,0.004311,0.009197,0.007107,0.00101,0.034992,0.001271,0.006658,0.000922,0.004673,0.012291,0.017953,0.000658,0.009045,,0.008002,0.00294,0.003131,0.018114,0.011364,0.012443,0.011165,0.009027,0.014461,0.006687,0.008253,0.005429,0.005327,0.001668,0.006045,0.002308,0.007428,0.022359,0.020558,0.008124,0.012181,0.018184,0.003854,0.007191,0.010108,0.002178
spermidine,0.368189,0.408916,0.375113,0.400553,0.673648,0.814279,0.796652,0.63187,0.495246,0.353981,0.867425,0.466556,0.45286,0.612073,0.889274,0.719138,1.291704,0.876345,1.247772,0.774177,0.629838,1.071508,0.976422,0.211853,0.000487,0.216294,0.38303,0.329794,0.378368,0.288981,0.429409,0.30583,0.225582,0.190613,0.300466,,0.390158,1.656978,0.607177,0.566614,1.442231,1.724817,0.33957,0.651275,1.174822,0.624794,0.663581,0.333323,0.682448,0.590353,0.336102,0.839005,0.734765,0.519905,0.171271,0.698653,0.412307,1.387508,1.286746,2.474522,1.373928,2.000228,0.470591,0.532374,1.191327,1.247572,1.376489,0.917933,1.691403,1.813313,0.814094,1.24674,1.588395,1.56441,0.77676,0.72973,0.362227,0.317169,0.786432,0.571173,0.731147,0.321469,0.137734,0.149714,0.240316,4.402929,5.59102,0.375846,0.279574,0.468544,0.766451,0.263763,0.355003,3.544472,0.341368,0.308427,0.277708,0.302158,0.362814,0.232781,0.615012,0.270517,0.563023,0.291532,0.336105,0.322432,0.263586,0.291468,0.232146,0.254136,0.329211,0.462248,0.471638,0.416436,0.294873,0.363097,0.255998,0.308709,0.259797,0.275536,0.204286,0.108578,0.774415,0.111119,0.632172,0.934091,0.795792,0.484192,0.876821,0.264238,0.722362,0.035098,0.741251,0.347149,0.163351,0.28475,0.576321,0.547477,0.424822,0.311294,0.477562,0.258964,0.624026,0.440163,0.220686,0.379455,0.405406,0.337961,0.527071,0.358727,0.264052,0.363301,0.326045,0.482532,0.260129,0.442194,0.412232,0.316562
lysine,0.132768,0.070681,0.077567,0.097125,0.035246,0.045413,0.038934,0.018792,0.04106,0.131487,0.234068,0.230662,0.115083,0.049434,0.025792,0.048171,0.036195,0.029049,0.038367,0.033826,0.042391,0.032947,0.05812,0.04098,,0.061205,0.091722,0.111766,0.137439,0.10584,0.185699,0.10101,0.093929,0.033984,0.071196,,0.031585,0.111837,0.044168,,0.064951,0.070846,0.048628,0.03716,0.026053,0.058441,0.15065,0.049033,0.055279,0.062808,0.044154,0.054435,0.057755,0.061787,0.112161,0.059098,0.05439,0.095191,0.049113,0.199254,0.139969,0.171542,0.035082,0.06519,0.110139,0.080648,0.089545,0.180085,0.123399,0.1268,0.098445,0.074496,0.085334,0.204651,0.246772,0.263372,0.356881,0.287644,,0.194181,0.243221,0.426593,0.31186,0.258799,0.341192,,0.232369,0.311913,0.330893,0.152488,0.233355,0.306814,0.357956,0.085736,0.427723,0.341494,0.283226,0.291628,0.326248,0.397174,0.252097,0.339389,0.25776,0.132965,0.338195,0.306078,0.266379,0.269299,0.275172,0.361123,0.454743,0.341766,0.241311,0.337819,0.333897,0.353235,0.304064,0.332019,0.424906,0.22751,0.059272,0.027181,0.188562,0.057324,,0.039318,0.065808,0.048755,0.047949,0.022151,0.033501,,0.173659,0.15442,0.018851,0.26042,0.032548,0.01748,0.036204,0.042657,0.036564,0.070719,0.036915,0.030846,0.063999,0.020278,0.081175,0.067719,0.167916,0.162119,0.074289,0.021892,0.042081,0.177565,0.048454,0.146256,0.157635,0.049634
putrescine,0.019795,0.021897,0.186416,0.086955,0.007141,0.009795,0.00913,0.006636,0.006537,0.126555,0.033849,0.024137,0.073077,0.014759,0.030378,0.015521,0.029409,0.016754,0.025578,0.020189,0.015336,0.037979,0.023795,0.007708,0.015687,0.03374,0.009466,0.016678,0.01915,0.019189,0.017651,0.013788,0.012997,0.045651,0.017944,,0.019133,0.050511,0.111578,0.010829,0.011668,0.020841,0.006491,0.013742,0.006297,0.01172,0.081786,0.019631,0.019949,0.022435,0.011576,0.012921,0.007859,0.010555,0.007489,0.036317,0.020405,0.018234,0.019406,0.049567,0.012102,0.069488,0.09698,0.2431,0.187322,0.011451,0.018153,0.117289,0.03532,0.058508,0.049907,0.043135,0.014965,0.070215,0.006188,0.005208,0.003234,0.010666,0.006419,0.002923,0.005444,0.007519,0.004978,0.008736,0.009187,0.021491,0.022027,0.006026,0.004645,0.003289,0.006311,0.014087,,,0.006705,0.006702,0.007957,0.006002,0.008569,0.005208,0.007603,0.004344,0.00496,0.011918,0.004371,0.008017,0.002652,0.005716,0.007474,0.006466,0.008402,0.009839,0.00814,0.00705,0.017117,0.003546,0.002215,0.001618,0.007901,0.003842,0.015175,0.061799,0.081395,0.016872,,0.043904,0.062372,0.009049,0.014758,0.007407,0.021848,0.00593,0.07645,0.039177,0.030003,0.011906,0.013862,0.015109,0.016544,0.012536,0.048382,0.007506,0.100708,0.014821,0.006973,0.03535,0.023766,0.028598,0.03238,0.019809,0.018663,0.036759,0.023186,0.019566,0.030066,0.021635,0.024492,0.053668
cadaverine,0.016664,0.022846,0.026537,0.029491,0.003122,0.003622,0.00417,0.001663,0.002761,0.022331,0.021536,0.017687,0.031368,0.030342,0.042672,0.027022,0.050401,0.026559,0.051581,0.033367,0.024501,0.075965,0.046811,0.015254,0.029241,0.008296,0.015438,0.004542,0.019016,0.017802,0.006836,0.003493,0.002576,0.00423,0.002105,,0.021506,0.057406,0.116172,0.010844,0.007615,0.01946,0.005751,0.007588,0.005279,0.011013,0.02727,0.041705,0.045056,0.051173,0.017822,0.017779,0.009573,0.012182,0.006891,0.07604,0.034666,0.025797,0.032303,0.018875,0.014837,0.012749,0.008979,0.006461,0.017626,0.00249,0.007515,0.010764,0.010075,0.011025,0.005048,0.004484,0.006007,0.008829,0.003076,0.001974,8.6e-05,0.000309,0.001167,0.002746,0.001432,0.003248,0.003218,0.002938,0.002731,0.003019,0.003403,0.000253,0.001096,0.002885,0.001718,0.00263,0.003223,0.001428,0.00207,0.001347,0.001847,0.001915,0.000929,0.00328,0.003534,0.003284,3.9e-05,0.00326,0.001798,0.001836,0.002295,0.002632,0.000734,0.00214,0.002979,0.002623,0.001878,0.000822,0.002822,0.001301,0.002972,0.002851,0.003015,0.002585,0.00941,0.081447,0.018617,0.006639,,0.027435,0.038974,0.005197,0.008008,0.003596,0.012568,0.004339,0.05869,0.016966,0.03629,0.01481,0.024949,0.024648,0.024023,0.017344,0.068519,0.006217,0.149828,0.007412,0.005162,0.012237,0.008634,0.011848,0.025284,0.010871,0.012017,0.00706,0.005579,0.005047,0.006042,0.006987,0.003485,0.008603
